{"is_source_file": true, "format": "JavaScript (MJS module)", "description": "This file is an ESLint configuration module written in JavaScript using ES module syntax. It sets up linting rules, environment options, and plugin configurations for a frontend JavaScript project, specifically tailored for React.", "external_files": ["@eslint/js", "eslint-plugin-react"], "external_methods": ["pluginJs", "pluginReact"], "published": [], "classes": [], "methods": [{"name": "default export (array of configuration objects)", "description": "An array defining multiple ESLint configuration objects including file matching patterns, environment and parser options, and plugin rules setup."}], "calls": ["pluginJs", "pluginReact.configs.recommended"], "search-terms": ["eslint.config.mjs", "ESLint configuration", "React plugin", "JavaScript module", "linting rules", "eslint"], "state": 2, "file_id": 2, "knowledge_revision": 21, "git_revision": "34d8fbb0e85ce45183c203ce01550b489ce576c2", "hash": "be6538e7523bc2e9da0743133d784136", "format-version": 4, "code-base-name": "frontend_app", "filename": "frontend_app/eslint.config.mjs", "revision_history": [{"21": "34d8fbb0e85ce45183c203ce01550b489ce576c2"}]}