{"is_source_file": false, "format": "", "description": "", "external_files": [], "external_methods": [], "published": [], "classes": [], "methods": [], "calls": [], "search-terms": [], "state": 2, "file_id": 5, "knowledge_revision": 14, "git_revision": "34d8fbb0e85ce45183c203ce01550b489ce576c2", "hash": "22f9e17cc1848b56dbb244518ac2707e", "format-version": 4, "code-base-name": "frontend_app", "filename": "frontend_app/src/App.css", "revision_history": [{"14": "34d8fbb0e85ce45183c203ce01550b489ce576c2"}]}