{"is_source_file": false, "format": "", "description": "", "external_files": [], "external_methods": [], "published": [], "classes": [], "methods": [], "calls": [], "search-terms": [], "state": 2, "file_id": 9, "knowledge_revision": 16, "git_revision": "34d8fbb0e85ce45183c203ce01550b489ce576c2", "hash": "d2b40d02d5f7873d8a6713bad837edd4", "format-version": 4, "code-base-name": "frontend_app", "filename": "frontend_app/public/index.html", "revision_history": [{"16": "34d8fbb0e85ce45183c203ce01550b489ce576c2"}]}