{"is_source_file": true, "format": "JavaScript", "description": "Setup file for Jest testing environment in a React project, importing custom matchers for DOM assertions.", "external_files": ["@testing-library/jest-dom"], "external_methods": ["expect().toHaveTextContent"], "published": [], "classes": [], "methods": [], "calls": ["import '@testing-library/jest-dom'"], "search-terms": ["setupTests", "jest-dom", "React testing", "testing-library"], "state": 2, "file_id": 7, "knowledge_revision": 23, "git_revision": "34d8fbb0e85ce45183c203ce01550b489ce576c2", "ctags": [], "hash": "1a77571e1a8cf36018a41bcedf60db75", "format-version": 4, "code-base-name": "frontend_app", "filename": "frontend_app/src/setupTests.js", "revision_history": [{"23": "34d8fbb0e85ce45183c203ce01550b489ce576c2"}]}