{"is_source_file": false, "format": "", "description": "", "external_files": [], "external_methods": [], "published": [], "classes": [], "methods": [], "calls": [], "search-terms": [], "state": 2, "file_id": 10, "knowledge_revision": 20, "git_revision": "34d8fbb0e85ce45183c203ce01550b489ce576c2", "hash": "d9d975cebe2ec20b6c652e1e4c12ccf0", "format-version": 4, "code-base-name": "frontend_app", "filename": "frontend_app/public/manifest.json", "revision_history": [{"20": "34d8fbb0e85ce45183c203ce01550b489ce576c2"}]}