{"is_source_file": false, "format": "", "description": "", "external_files": [], "external_methods": [], "published": [], "classes": [], "methods": [], "calls": [], "search-terms": [], "state": 2, "file_id": 8, "knowledge_revision": 17, "git_revision": "34d8fbb0e85ce45183c203ce01550b489ce576c2", "hash": "6c2104b8d219ed99234ae2d6329f4357", "format-version": 4, "code-base-name": "frontend_app", "filename": "frontend_app/src/index.css", "revision_history": [{"17": "34d8fbb0e85ce45183c203ce01550b489ce576c2"}]}