{"is_source_file": true, "format": "JavaScript (React JSX)", "description": "This file is the main entry point of a React application, responsible for rendering the root component into the DOM.", "external_files": ["react", "react-dom/client", "./index.css", "./App"], "external_methods": ["ReactDOM.createRoot", "root.render"], "published": ["React", "ReactDOM"], "classes": [], "methods": [{"name": "ReactDOM.createRoot", "description": "Creates a React root for rendering the React component tree."}, {"name": "root.render", "description": "Renders the React element into the DOM node."}], "calls": ["ReactDOM.createRoot", "root.render"], "search-terms": ["React", "ReactDOM", "index.js main entry", "React.StrictMode", "app rendering"], "state": 2, "file_id": 6, "knowledge_revision": 25, "git_revision": "34d8fbb0e85ce45183c203ce01550b489ce576c2", "ctags": [{"_type": "tag", "name": "root", "path": "/home/kavia/workspace/code-generation/simple-notes-app-324043-324053/frontend_app/src/index.js", "pattern": "/^const root = ReactDOM.createRoot(document.getElementById('root'));$/", "language": "JavaScript", "kind": "constant"}], "hash": "9fc5841375336fc175b49f8767a11383", "format-version": 4, "code-base-name": "frontend_app", "filename": "frontend_app/src/index.js", "revision_history": [{"25": "34d8fbb0e85ce45183c203ce01550b489ce576c2"}]}