{"is_source_file": true, "format": "JavaScript (React JSX)", "description": "This file defines the main React component 'App' for a simple notes application UI, managing theme toggling between light and dark modes.", "external_files": ["./logo.svg", "./App.css"], "external_methods": ["document.documentElement.setAttribute"], "published": ["App"], "classes": [], "methods": [{"name": "App()", "description": "Main React component managing theme state and rendering UI elements.", "scope": "", "scopeKind": ""}, {"name": "toggleTheme", "description": "Function to toggle the theme state between 'light' and 'dark'."}], "calls": ["React.useState", "React.useEffect", "document.documentElement.setAttribute"], "search-terms": ["React App component", "theme toggle", "useState", "useEffect", "light/dark theme", "App.js"], "state": 2, "file_id": 3, "knowledge_revision": 24, "git_revision": "34d8fbb0e85ce45183c203ce01550b489ce576c2", "ctags": [{"_type": "tag", "name": "App", "path": "/home/kavia/workspace/code-generation/simple-notes-app-324043-324053/frontend_app/src/App.js", "pattern": "/^function App() {$/", "language": "JavaScript", "kind": "function", "signature": "()"}, {"_type": "tag", "name": "Switch to ${theme === 'light' ? 'dark' : 'light'} mode", "path": "/home/kavia/workspace/code-generation/simple-notes-app-324043-324053/frontend_app/src/App.js", "pattern": "/^          aria-label={`Switch to ${theme === 'light' ? 'dark' : 'light'} mode`}$/", "language": "JavaScript", "kind": "field", "scope": "App.aria", "scopeKind": "class"}, {"_type": "tag", "name": "toggleTheme", "path": "/home/kavia/workspace/code-generation/simple-notes-app-324043-324053/frontend_app/src/App.js", "pattern": "/^          onClick={toggleTheme}$/", "language": "JavaScript", "kind": "field", "scope": "App.onClick", "scopeKind": "class"}], "hash": "b55dd9e6a018e59207d8e277dffd9e11", "format-version": 4, "code-base-name": "frontend_app", "filename": "frontend_app/src/App.js", "fields": [{"name": "aria-label={`Switch to ${theme === 'light' ? 'dark' : 'light'} mode`}", "scope": "App.aria", "scopeKind": "class", "description": "unavailable"}, {"name": "onClick={toggleTheme}", "scope": "App.onClick", "scopeKind": "class", "description": "unavailable"}], "revision_history": [{"24": "34d8fbb0e85ce45183c203ce01550b489ce576c2"}]}