{"is_source_file": false, "format": "", "description": "", "external_files": [], "external_methods": [], "published": [], "classes": [], "methods": [], "calls": [], "search-terms": [], "state": 2, "file_id": 11, "knowledge_revision": 19, "git_revision": "34d8fbb0e85ce45183c203ce01550b489ce576c2", "hash": "ebece526bc2eadd78ddd787a76c56607", "format-version": 4, "code-base-name": "frontend_app", "filename": "frontend_app/README.md", "revision_history": [{"19": "34d8fbb0e85ce45183c203ce01550b489ce576c2"}]}